step,elapsed_tokens,elapsed_examples,training_loss,training_sequence_accuracy,training_token_accuracy,validation_loss,validation_sequence_accuracy,validation_token_accuracy,classification/accuracy,classification/precision,classification/recall,classification/auroc,classification/auprc,classification/f1.0
1,225,1,0.09560408566919379,0.0,0.0,0.22059687430830677,0.0,0.0,,,,,,
2,418,2,0.10332500720466971,0.0,0.0,,,,,,,,,
3,627,3,0.07402623788887329,0.0,0.0,,,,,,,,,
4,1820,4,0.021660468782348674,0.0,0.0,,,,,,,,,
5,2173,5,0.04122641935368929,0.0,0.0,,,,,,,,,
6,2214,6,0.15135356847569348,0.0,0.0,,,,,,,,,
7,2287,7,0.07866607735554378,1.0,1.0,,,,,,,,,
8,2448,8,0.04608270996483043,1.0,1.0,,,,,,,,,
9,3097,9,0.027749300062997792,1.0,1.0,0.03317832597261641,1.0,1.0,,,,,,
10,3306,10,0.04010043985035736,1.0,1.0,,,,,,,,,
11,3459,11,0.044261128559071376,1.0,1.0,,,,,,,,,
12,3644,12,0.045673522965175226,1.0,1.0,,,,,,,,,
13,3749,13,0.09207097186238503,0.0,0.0,,,,,,,,,
14,4046,14,0.0433891087076729,0.0,0.0,,,,,,,,,
15,4167,15,0.04294921401996787,0.0,0.0,,,,,,,,,
16,4568,16,0.040651053868072634,0.0,0.0,,,,,,,,,
17,4809,17,0.04539238191137943,0.0,0.0,0.03648068107126164,1.0,1.0,,,,,,
18,4890,18,0.04703531112568453,1.0,1.0,,,,,,,,,
19,4939,19,0.04023832146107452,1.0,1.0,,,,,,,,,
20,5084,20,0.0399161573072585,1.0,1.0,,,,,,,,,
21,5197,21,0.03280086767776603,1.0,1.0,,,,,,,,,
22,5214,22,0.25186692213639617,0.0,0.0,,,,,,,,,
23,5511,23,0.038319273511202685,0.0,0.0,,,,,,,,,
24,5664,24,0.047011507894957935,0.0,0.0,,,,,,,,,
25,5841,25,0.03920184329586019,1.0,1.0,0.04376282593987596,1.0,1.0,,,,,,
26,6178,26,0.0347402684034508,1.0,1.0,,,,,,,,,
27,6451,27,0.03782264955717598,1.0,1.0,,,,,,,,,
28,6604,28,0.0429153707295068,0.0,0.0,,,,,,,,,
29,6685,29,0.0444042183291167,1.0,1.0,,,,,,,,,
30,6734,30,0.05263004116714,1.0,1.0,,,,,,,,,
31,7247,31,0.02663051896357047,1.0,1.0,,,,,,,,,
32,7456,32,0.036510584254602484,1.0,1.0,,,,,,,,,
33,7681,33,0.0441086624428239,0.0,0.0,0.035927637297787106,1.0,1.0,,,,,,
34,7802,34,0.05588429138922947,0.0,0.0,,,,,,,,,
35,8019,35,0.04918894079974658,0.0,0.0,,,,,,,,,
36,8100,36,0.04439983707224019,0.0,0.0,,,,,,,,,
37,8469,37,0.035578569658948414,1.0,1.0,,,,,,,,,
38,8502,38,0.049423645231872794,1.0,1.0,,,,,,,,,
39,8759,39,0.03465932496976166,1.0,1.0,,,,,,,,,
40,8904,40,0.03997276528576751,1.0,1.0,,,,,,,,,
41,8945,41,0.04762405501957983,1.0,1.0,0.03882956269400893,1.0,1.0,,,,,,
42,9298,42,0.03831393886591699,0.0,0.0,,,,,,,,,
43,9915,43,0.033041076015281515,1.0,1.0,,,,,,,,,
44,10116,44,0.03595825224253349,1.0,1.0,,,,,,,,,
45,10621,45,0.042297319403686924,0.0,0.0,,,,,,,,,
46,10814,46,0.02676788978703068,1.0,1.0,,,,,,,,,
47,10943,47,0.07312958329584944,0.0,0.0,,,,,,,,,
48,11288,48,0.0353114850322586,1.0,1.0,,,,,,,,,
49,11353,49,0.0326854025258217,1.0,1.0,0.041013033264839405,0.0,0.0,,,,,,
50,11554,50,0.03649477503442904,1.0,1.0,,,,,,,,,
51,11779,51,0.03266156185316894,1.0,1.0,,,,,,,,,
52,11908,52,0.03176648980794198,1.0,1.0,,,,,,,,,
53,11981,53,0.048322690578901935,0.0,0.0,,,,,,,,,
54,12078,54,0.043539551447902336,1.0,1.0,,,,,,,,,
55,12183,55,0.03971139281979189,1.0,1.0,,,,,,,,,
56,12264,56,0.03778345262655058,1.0,1.0,,,,,,,,,
57,12313,57,0.03668542491854168,1.0,1.0,0.03702292248490266,1.0,1.0,,,,,,
58,12458,58,0.03501212325167014,1.0,1.0,,,,,,,,,
59,12491,59,0.05177290426567197,1.0,1.0,,,,,,,,,
60,12540,60,0.04156020064493835,1.0,1.0,,,,,,,,,
61,12941,61,0.03609923644715455,1.0,1.0,,,,,,,,,
62,13078,62,0.034735352500334986,1.0,1.0,,,,,,,,,
63,13631,63,0.026713358702636733,1.0,1.0,,,,,,,,,
64,15504,64,0.022634331053935048,1.0,1.0,,,,,,,,,
65,15633,65,0.03680967631384419,1.0,1.0,0.0333352329759671,1.0,1.0,,,,,,
66,15906,66,0.02774559883203919,1.0,1.0,,,,,,,,,
67,16027,67,0.0333852498253497,1.0,1.0,,,,,,,,,
68,16492,68,0.03365865743133452,1.0,1.0,,,,,,,,,
69,16757,69,0.02735451138923302,1.0,1.0,,,,,,,,,
70,17022,70,0.026069365443377828,1.0,1.0,,,,,,,,,
71,17447,71,0.0335153904411654,1.0,1.0,,,,,,,,,
72,17576,72,0.03405536265898263,1.0,1.0,,,,,,,,,
73,17737,73,0.03037635245922138,1.0,1.0,0.035393434834259094,1.0,1.0,,,,,,
74,17874,74,0.03101001390333027,1.0,1.0,,,,,,,,,
75,18035,75,0.026330199288151564,1.0,1.0,,,,,,,,,
76,18092,76,0.04173920839372191,1.0,1.0,,,,,,,,,
77,18637,77,0.03296396622549791,1.0,1.0,,,,,,,,,
78,18686,78,0.04354468529675311,1.0,1.0,,,,,,,,,
79,18799,79,0.032567716982999366,1.0,1.0,,,,,,,,,
80,19664,80,0.024631027320563385,1.0,1.0,,,,,,,,,
81,19953,81,0.03165689787513758,1.0,1.0,0.03281817233850644,1.0,1.0,,,,,,
82,20066,82,0.023878911511806107,1.0,1.0,,,,,,,,,
83,20171,83,0.029369706051545038,1.0,1.0,,,,,,,,,
84,20292,84,0.03258184500188023,1.0,1.0,,,,,,,,,
85,20645,85,0.02835289818554388,1.0,1.0,,,,,,,,,
86,20742,86,0.03393917974220434,1.0,1.0,,,,,,,,,
87,20871,87,0.032278379300623786,1.0,1.0,,,,,,,,,
88,21352,88,0.025723178455379334,1.0,1.0,,,,,,,,,
89,21505,89,0.03942693710851017,1.0,1.0,0.03554250980432179,1.0,1.0,,,,,,
90,21578,90,0.03272516843759351,1.0,1.0,,,,,,,,,
91,21715,91,0.022678631014432005,1.0,1.0,,,,,,,,,
92,22116,92,0.034502317996061176,1.0,1.0,,,,,,,,,
93,22173,93,0.032077222430296905,1.0,1.0,,,,,,,,,
94,22262,94,0.04129085384367499,1.0,1.0,,,,,,,,,
95,22359,95,0.02930248270369096,1.0,1.0,,,,,,,,,
96,22504,96,0.03965135066847627,1.0,1.0,,,,,,,,,
97,23713,97,0.01932216305110634,1.0,1.0,0.03228795203427106,1.0,1.0,,,,,,
98,24082,98,0.02661925085404223,1.0,1.0,,,,,,,,,
99,24187,99,0.03415301153293023,1.0,1.0,,,,,,,,,
100,24308,100,0.03273280757619068,1.0,1.0,,,,,,,,,
101,24381,101,0.03166194954447241,1.0,1.0,,,,,,,,,
102,24462,102,0.03747434595880622,1.0,1.0,,,,,,,,,
103,24799,103,0.025199726742381853,1.0,1.0,,,,,,,,,
104,24840,104,0.03224933628446888,1.0,1.0,,,,,,,,,
105,24905,105,0.021838881023613796,1.0,1.0,0.03009757326091737,1.0,1.0,,,,,,
106,25338,106,0.036414344568453355,1.0,1.0,,,,,,,,,
107,25691,107,0.0275989894673727,1.0,1.0,,,,,,,,,
108,25836,108,0.033998743297779584,1.0,1.0,,,,,,,,,
109,25885,109,0.02861363979007971,1.0,1.0,,,,,,,,,
110,25934,110,0.029518794597388476,1.0,1.0,,,,,,,,,
111,26055,111,0.026678205785069926,1.0,1.0,,,,,,,,,
112,26128,112,0.032722828311024285,1.0,1.0,,,,,,,,,
113,26289,113,0.03621010841517273,1.0,1.0,0.03270439086387562,1.0,1.0,,,,,,
114,26330,114,0.03826243919529953,1.0,1.0,,,,,,,,,
115,26483,115,0.027461466703197834,1.0,1.0,,,,,,,,,
116,27116,116,0.022672854755259816,1.0,1.0,,,,,,,,,
117,27749,117,0.03000924781431019,1.0,1.0,,,,,,,,,
118,28926,118,0.02663743616775612,1.0,1.0,,,,,,,,,
119,29503,119,0.030026840620212162,1.0,1.0,,,,,,,,,
120,29600,120,0.04301637196355538,1.0,1.0,,,,,,,,,
121,29697,121,0.03626187724342343,1.0,1.0,0.029717514756375747,1.0,1.0,,,,,,
122,29834,122,0.047800344165931596,1.0,1.0,,,,,,,,,
123,29955,123,0.03228606049823187,1.0,1.0,,,,,,,,,
124,30508,124,0.03233403047688599,1.0,1.0,,,,,,,,,
125,30749,125,0.026600725256445,1.0,1.0,,,,,,,,,
126,30862,126,0.03950913731507691,1.0,1.0,,,,,,,,,
127,30903,127,0.02567811661364976,1.0,1.0,,,,,,,,,
128,31024,128,0.026730824877233928,1.0,1.0,,,,,,,,,
129,31081,129,0.03419406193158855,1.0,1.0,0.03709485694661453,1.0,1.0,,,,,,
130,31330,130,0.030641724747265762,1.0,1.0,,,,,,,,,
131,31395,131,0.020947558692514575,1.0,1.0,,,,,,,,,
132,31484,132,0.033471745276103984,1.0,1.0,,,,,,,,,
133,31509,133,0.03916327115381136,1.0,1.0,,,,,,,,,
134,31582,134,0.045853083256450995,1.0,1.0,,,,,,,,,
135,31727,135,0.029541848400743524,1.0,1.0,,,,,,,,,
136,31768,136,0.049234058032961915,1.0,1.0,,,,,,,,,
137,31857,137,0.03744977587373632,1.0,1.0,0.036552072753183895,1.0,1.0,,,,,,
138,31946,138,0.03564843276364131,1.0,1.0,,,,,,,,,
139,32011,139,0.03410863761362634,1.0,1.0,,,,,,,,,
140,32196,140,0.04219347498865555,1.0,1.0,,,,,,,,,
141,32253,141,0.026257370336497846,1.0,1.0,,,,,,,,,
142,32374,142,0.024103540388964274,1.0,1.0,,,,,,,,,
143,32695,143,0.03026450058813498,1.0,1.0,,,,,,,,,
144,33328,144,0.03163295361039845,1.0,1.0,,,,,,,,,
145,34121,145,0.027636930815922712,1.0,1.0,0.02619658748546499,1.0,1.0,,,,,,
146,34266,146,0.04641878458162763,1.0,1.0,,,,,,,,,
147,34507,147,0.03250490328109784,1.0,1.0,,,,,,,,,
148,34564,148,0.02822030974510458,1.0,1.0,,,,,,,,,
149,34629,149,0.037393752374700856,1.0,1.0,,,,,,,,,
150,34678,150,0.024042305370773343,1.0,1.0,,,,,,,,,
151,34711,151,0.02077829279447542,1.0,1.0,,,,,,,,,
152,35056,152,0.03432713198647456,1.0,1.0,,,,,,,,,
153,35249,153,0.03725614352370636,1.0,1.0,0.044617791856092784,1.0,1.0,,,,,,
154,36418,154,0.029084794006008472,0.0,0.0,,,,,,,,,
155,36579,155,0.03311843905231217,1.0,1.0,,,,,,,,,
156,36972,156,0.027503256467568963,1.0,1.0,,,,,,,,,
157,37149,157,0.02569188817891286,1.0,1.0,,,,,,,,,
158,37206,158,0.028615819056968965,1.0,1.0,,,,,,,,,
159,37375,159,0.031003642468744402,1.0,1.0,,,,,,,,,
160,37584,160,0.03206885323002307,1.0,1.0,,,,,,,,,
161,37609,161,0.04538817744090921,1.0,1.0,0.03708549891628476,1.0,1.0,,,,,,
162,37674,162,0.03184927583904937,1.0,1.0,,,,,,,,,
163,38411,163,0.022812744031456847,1.0,1.0,,,,,,,,,
164,38684,164,0.024390141508878624,1.0,1.0,,,,,,,,,
165,38733,165,0.03559086554510031,1.0,1.0,,,,,,,,,
166,39334,166,0.020676557434324908,1.0,1.0,,,,,,,,,
167,39439,167,0.027718126472738313,1.0,1.0,,,,,,,,,
168,39728,168,0.025310156205378513,1.0,1.0,,,,,,,,,
169,39969,169,0.022853966271109433,1.0,1.0,0.031129366008650933,1.0,1.0,,,,,,
170,40186,170,0.02378508797827433,1.0,1.0,,,,,,,,,
171,40475,171,0.027005013899664743,1.0,1.0,,,,,,,,,
172,40532,172,0.04142514398785092,1.0,1.0,,,,,,,,,
173,40653,173,0.0344903373770018,1.0,1.0,,,,,,,,,
174,40694,174,0.029088644669216596,1.0,1.0,,,,,,,,,
175,40815,175,0.024955146378478576,1.0,1.0,,,,,,,,,
176,41200,176,0.027290652706045505,1.0,1.0,,,,,,,,,
177,41377,177,0.03497365179992234,1.0,1.0,0.02989016584743093,1.0,1.0,,,,,,
178,41834,178,0.0380330879823509,1.0,1.0,,,,,,,,,
179,42235,179,0.023964802674998013,1.0,1.0,,,,,,,,,
180,42764,180,0.028217636627548816,1.0,1.0,,,,,,,,,
181,43381,181,0.029522201493415053,1.0,1.0,,,,,,,,,
182,43430,182,0.0297110349805492,1.0,1.0,,,,,,,,,
183,43479,183,0.03425608042402018,1.0,1.0,,,,,,,,,
184,43544,184,0.028787121345503694,1.0,1.0,,,,,,,,,
185,43633,185,0.03325313559339107,1.0,1.0,0.033003611155498734,1.0,1.0,1.0,1.0,1.0,1.0,1.0,1.0
186,43978,186,0.029395659326531366,1.0,1.0,,,,,,,,,
187,44035,187,0.02448952876621791,1.0,1.0,,,,,,,,,
188,44076,188,0.018098649124724038,1.0,1.0,,,,,,,,,
189,44253,189,0.031991779159897385,1.0,1.0,,,,,,,,,
190,44374,190,0.029463617279026952,1.0,1.0,,,,,,,,,
191,44647,191,0.021214658036364308,1.0,1.0,,,,,,,,,
192,45104,192,0.03673260018740078,1.0,1.0,,,,,,,,,
193,45193,193,0.03684497443146855,1.0,1.0,0.03408949618891041,1.0,1.0,,,,,,
194,45266,194,0.026341289012642745,1.0,1.0,,,,,,,,,
195,45451,195,0.03663664006302972,1.0,1.0,,,,,,,,,
196,45572,196,0.021759162207991723,1.0,1.0,,,,,,,,,
197,45725,197,0.03772760135869344,1.0,1.0,,,,,,,,,
198,46590,198,0.022977100790629736,1.0,1.0,,,,,,,,,
199,46831,199,0.03014368759193288,1.0,1.0,,,,,,,,,
200,47384,200,0.030647549453235206,1.0,1.0,,,,,,,,,
201,47737,201,0.02579068067363385,1.0,1.0,0.02813208723857981,1.0,1.0,,,,,,
202,48058,202,0.028102933141974065,1.0,1.0,,,,,,,,,
203,48155,203,0.02621722326032189,1.0,1.0,,,,,,,,,
204,48196,204,0.04459694402478636,1.0,1.0,,,,,,,,,
205,48325,205,0.03262467743336856,1.0,1.0,,,,,,,,,
206,48398,206,0.03726290442503038,1.0,1.0,,,,,,,,,
207,48455,207,0.031999910816832976,1.0,1.0,,,,,,,,,
208,48600,208,0.03573200280423609,1.0,1.0,,,,,,,,,
209,48729,209,0.03147966460430325,1.0,1.0,0.036644423452806746,1.0,1.0,,,,,,
210,48882,210,0.03387404640956542,1.0,1.0,,,,,,,,,
211,49347,211,0.030996610159521064,1.0,1.0,,,,,,,,,
212,49396,212,0.03947213797423198,1.0,1.0,,,,,,,,,
213,49797,213,0.03229721778384992,1.0,1.0,,,,,,,,,
214,49838,214,0.029947227631477294,1.0,1.0,,,,,,,,,
215,49943,215,0.03604966279268131,1.0,1.0,,,,,,,,,
216,50200,216,0.024695052183083703,1.0,1.0,,,,,,,,,
217,50249,217,0.021035519413371728,1.0,1.0,0.030922013224400455,1.0,1.0,,,,,,
218,50362,218,0.02104061554189164,1.0,1.0,,,,,,,,,
219,50563,219,0.03223047873589677,1.0,1.0,,,,,,,,,
220,51356,220,0.02622669102827106,1.0,1.0,,,,,,,,,
221,51469,221,0.030346726579643605,1.0,1.0,,,,,,,,,
222,51574,222,0.03005095867849797,1.0,1.0,,,,,,,,,
223,51623,223,0.029194553464622006,1.0,1.0,,,,,,,,,
224,51720,224,0.029383782169497864,1.0,1.0,,,,,,,,,
225,51793,225,0.025922434627662166,1.0,1.0,0.01950743243924646,1.0,1.0,,,,,,
226,51954,226,0.026686601538782273,1.0,1.0,,,,,,,,,
227,52059,227,0.02581869561304652,1.0,1.0,,,,,,,,,
228,52180,228,0.02839485370437615,1.0,1.0,,,,,,,,,
229,52813,229,0.02989696085864551,1.0,1.0,,,,,,,,,
230,52894,230,0.041550782159625675,1.0,1.0,,,,,,,,,
231,53007,231,0.029630597711761113,1.0,1.0,,,,,,,,,
232,53120,232,0.036211006781600844,1.0,1.0,,,,,,,,,
233,53473,233,0.03159008629895983,1.0,1.0,0.02875810918203085,1.0,1.0,,,,,,
234,53514,234,0.020271904146400635,1.0,1.0,,,,,,,,,
235,53859,235,0.03324991701213527,1.0,1.0,,,,,,,,,
236,53980,236,0.027106798375233967,1.0,1.0,,,,,,,,,
237,54277,237,0.028257366325533686,1.0,1.0,,,,,,,,,
238,54350,238,0.0294024704931265,1.0,1.0,,,,,,,,,
239,54895,239,0.03134771708759459,1.0,1.0,,,,,,,,,
240,55264,240,0.031444428236633105,1.0,1.0,,,,,,,,,
241,55425,241,0.02449610701582606,1.0,1.0,0.02943239637601437,1.0,1.0,,,,,,
242,55722,242,0.027580918367675133,1.0,1.0,,,,,,,,,
243,55851,243,0.03136836047548968,1.0,1.0,,,,,,,,,
244,56188,244,0.022852522254771766,1.0,1.0,,,,,,,,,
245,56589,245,0.03450380874013754,1.0,1.0,,,,,,,,,
246,57022,246,0.035378411387290615,1.0,1.0,,,,,,,,,
247,57047,247,0.02802840229366363,1.0,1.0,,,,,,,,,
248,57120,248,0.039087765758332456,1.0,1.0,,,,,,,,,
249,57633,249,0.023989731852093996,1.0,1.0,0.03327104078543646,1.0,1.0,,,,,,
250,57874,250,0.021099634595617922,1.0,1.0,,,,,,,,,
251,57899,251,0.03263290759747178,1.0,1.0,,,,,,,,,
252,58164,252,0.023553174476196686,1.0,1.0,,,,,,,,,
253,58317,253,0.024492094397738633,1.0,1.0,,,,,,,,,
254,58366,254,0.02818075096856167,1.0,1.0,,,,,,,,,
255,58431,255,0.025488198833816117,1.0,1.0,,,,,,,,,
256,58560,256,0.023810661309728406,1.0,1.0,,,,,,,,,
257,59729,257,0.027767349941406155,1.0,1.0,0.013196661520953057,1.0,1.0,,,,,,
258,61602,258,0.020862387847461503,1.0,1.0,,,,,,,,,
259,61955,259,0.0253102550949858,1.0,1.0,,,,,,,,,
260,62292,260,0.029608298071152173,1.0,1.0,,,,,,,,,
261,62437,261,0.030721715866833012,1.0,1.0,,,,,,,,,
262,63038,262,0.01926009400438467,1.0,1.0,,,,,,,,,
263,63391,263,0.024240685127232695,1.0,1.0,,,,,,,,,
264,63512,264,0.022068026705162384,1.0,1.0,,,,,,,,,
265,63545,265,0.016114872523312444,1.0,1.0,0.03660061789311334,1.0,1.0,,,,,,
266,63834,266,0.022632059935418735,1.0,1.0,,,,,,,,,
267,63875,267,0.03356215321692798,1.0,1.0,,,,,,,,,
268,64508,268,0.028299040563721935,1.0,1.0,,,,,,,,,
269,64669,269,0.0365521608944564,1.0,1.0,,,,,,,,,
270,64726,270,0.03247129490649968,1.0,1.0,,,,,,,,,
271,65015,271,0.030553601878170106,1.0,1.0,,,,,,,,,
272,65152,272,0.019651599495032313,1.0,1.0,,,,,,,,,
273,65769,273,0.03269071282267264,1.0,1.0,0.03861882161638992,1.0,1.0,,,,,,
274,65946,274,0.03274886756786703,1.0,1.0,,,,,,,,,
275,66003,275,0.020773381360066717,1.0,1.0,,,,,,,,,
276,66196,276,0.03650820525548927,1.0,1.0,,,,,,,,,
277,66341,277,0.026818906155515125,1.0,1.0,,,,,,,,,
278,66390,278,0.02001653710591502,1.0,1.0,,,,,,,,,
279,66423,279,0.022774008628684898,1.0,1.0,,,,,,,,,
280,66520,280,0.03447302987190899,1.0,1.0,,,,,,,,,
281,67097,281,0.029349514120686357,1.0,1.0,0.03177410400255212,1.0,1.0,,,,,,
282,67626,282,0.026033729029571656,1.0,1.0,,,,,,,,,
283,68363,283,0.02090571850791192,1.0,1.0,,,,,,,,,
284,68484,284,0.022040852544196847,1.0,1.0,,,,,,,,,
285,68573,285,0.02916575921578649,1.0,1.0,,,,,,,,,
286,68630,286,0.022851753986039645,1.0,1.0,,,,,,,,,
287,69023,287,0.02550475718348322,1.0,1.0,,,,,,,,,
288,69072,288,0.024327207805664178,1.0,1.0,,,,,,,,,
289,69217,289,0.035276572752444633,1.0,1.0,0.032541087318777494,1.0,1.0,,,,,,
290,69410,290,0.02398473778010915,1.0,1.0,,,,,,,,,
291,69619,291,0.030802137725637085,1.0,1.0,,,,,,,,,
292,69652,292,0.026504146791378393,1.0,1.0,,,,,,,,,
293,69717,293,0.030731785813081273,1.0,1.0,,,,,,,,,
294,69942,294,0.022552675182521076,1.0,1.0,,,,,,,,,
295,70111,295,0.027182439255628285,1.0,1.0,,,,,,,,,
296,71320,296,0.018041725124676368,1.0,1.0,,,,,,,,,
297,71497,297,0.02330499316765616,1.0,1.0,0.026915957245386528,1.0,1.0,,,,,,
298,72130,298,0.021343732949615103,1.0,1.0,,,,,,,,,
299,72371,299,0.025224996091563145,1.0,1.0,,,,,,,,,
300,72924,300,0.022257214918650573,1.0,1.0,,,,,,,,,
301,73061,301,0.04200976152471412,1.0,1.0,,,,,,,,,
302,73350,302,0.024352598033574396,1.0,1.0,,,,,,,,,
303,73415,303,0.016408179582890627,1.0,1.0,,,,,,,,,
304,73896,304,0.023745772750340392,1.0,1.0,,,,,,,,,
305,74105,305,0.02803404906227181,1.0,1.0,0.035414114767094926,1.0,1.0,,,,,,
306,74186,306,0.02622798728631506,1.0,1.0,,,,,,,,,
307,74291,307,0.031514066031284246,1.0,1.0,,,,,,,,,
308,74444,308,0.03548755133291419,1.0,1.0,,,,,,,,,
309,74501,309,0.020817100786618668,1.0,1.0,,,,,,,,,
310,74638,310,0.0279216230744404,1.0,1.0,,,,,,,,,
311,74759,311,0.028062146438229928,1.0,1.0,,,,,,,,,
312,74944,312,0.03926474341275815,1.0,1.0,,,,,,,,,
313,75217,313,0.019918840108354794,1.0,1.0,0.023773606761033725,1.0,1.0,,,,,,
314,75298,314,0.025283924894642953,1.0,1.0,,,,,,,,,
315,75443,315,0.035664298772700116,1.0,1.0,,,,,,,,,
316,75588,316,0.024981779825545797,1.0,1.0,,,,,,,,,
317,76013,317,0.031551420800051515,1.0,1.0,,,,,,,,,
318,76134,318,0.030709298356368285,1.0,1.0,,,,,,,,,
319,76295,319,0.027903337023062705,1.0,1.0,,,,,,,,,
320,76368,320,0.02576941306857811,1.0,1.0,,,,,,,,,
321,76409,321,0.02499907657370204,1.0,1.0,0.01406753860063691,1.0,1.0,,,,,,
322,76634,322,0.03182060657543973,1.0,1.0,,,,,,,,,
323,76763,323,0.029133881600434966,1.0,1.0,,,,,,,,,
324,77380,324,0.028477536917737297,1.0,1.0,,,,,,,,,
325,77501,325,0.02993261933404453,1.0,1.0,,,,,,,,,
326,77742,326,0.027146972576618283,1.0,1.0,,,,,,,,,
327,77959,327,0.03812972253649301,1.0,1.0,,,,,,,,,
328,78608,328,0.019899349512043214,1.0,1.0,,,,,,,,,
329,78673,329,0.0254554197082507,1.0,1.0,0.022827717747936547,1.0,1.0,,,,,,
330,78874,330,0.032719316834015626,1.0,1.0,,,,,,,,,
331,79379,331,0.03416632993254054,1.0,1.0,,,,,,,,,
332,79780,332,0.026577277643099476,1.0,1.0,,,,,,,,,
333,79901,333,0.0216826946546959,1.0,1.0,,,,,,,,,
334,80118,334,0.02102476626561712,1.0,1.0,,,,,,,,,
335,80327,335,0.027186044206738678,1.0,1.0,,,,,,,,,
336,80712,336,0.02511955346042697,1.0,1.0,,,,,,,,,
337,80809,337,0.028807726964670714,1.0,1.0,0.02759886543395551,1.0,1.0,,,,,,
338,81074,338,0.018980106031248202,1.0,1.0,,,,,,,,,
339,81091,339,0.03056404428292808,1.0,1.0,,,,,,,,,
340,81252,340,0.03310466812906816,1.0,1.0,,,,,,,,,
341,81357,341,0.022205985741454177,1.0,1.0,,,,,,,,,
342,81478,342,0.03447265128554621,1.0,1.0,,,,,,,,,
343,81527,343,0.022670212647763036,1.0,1.0,,,,,,,,,
344,81608,344,0.032996103252019564,1.0,1.0,,,,,,,,,
345,81817,345,0.03025553873390891,1.0,1.0,0.02127036655114022,1.0,1.0,,,,,,
346,82186,346,0.02368760314167107,1.0,1.0,,,,,,,,,
347,82283,347,0.02387623023327554,1.0,1.0,,,,,,,,,
348,82364,348,0.03312152093561235,1.0,1.0,,,,,,,,,
349,82421,349,0.027900091690555975,1.0,1.0,,,,,,,,,
350,82822,350,0.02086293369634418,1.0,1.0,,,,,,,,,
351,83999,351,0.0257917772746833,1.0,1.0,,,,,,,,,
352,84224,352,0.025218792558546605,1.0,1.0,,,,,,,,,
353,84313,353,0.03166407851148589,1.0,1.0,0.03129680456728059,1.0,1.0,,,,,,
354,84506,354,0.034754694566229316,1.0,1.0,,,,,,,,,
355,84547,355,0.03935374910109749,1.0,1.0,,,,,,,,,
356,84796,356,0.027890626125826525,1.0,1.0,,,,,,,,,
357,84861,357,0.013409195812565998,1.0,1.0,,,,,,,,,
358,85014,358,0.027776709221348266,1.0,1.0,,,,,,,,,
359,85287,359,0.033618503804851464,1.0,1.0,,,,,,,,,
360,85432,360,0.0416368437025489,1.0,1.0,,,,,,,,,
361,85569,361,0.02959411472466908,1.0,1.0,0.02902368481777718,1.0,1.0,,,,,,
362,86762,362,0.014215057547892625,1.0,1.0,,,,,,,,,
363,86803,363,0.013395214014897648,1.0,1.0,,,,,,,,,
364,86844,364,0.022778785526810685,1.0,1.0,,,,,,,,,
365,86941,365,0.018965006453378612,1.0,1.0,,,,,,,,,
366,87046,366,0.026034343784117835,1.0,1.0,,,,1.0,1.0,1.0,1.0,1.0,1.0
367,87415,367,0.02947344808904508,1.0,1.0,,,,,,,,,
368,87664,368,0.025755662169510085,1.0,1.0,,,,,,,,,
369,87809,369,0.021005653909087412,1.0,1.0,0.025835836260556397,1.0,1.0,,,,,,
370,88082,370,0.03175157189477913,1.0,1.0,,,,,,,,,
371,88107,371,0.016362616737442295,1.0,1.0,,,,,,,,,
372,88268,372,0.024463646792424697,1.0,1.0,,,,,,,,,
373,88357,373,0.0340511933193259,1.0,1.0,,,,,,,,,
374,88478,374,0.02516317210886094,1.0,1.0,,,,,,,,,
375,88623,375,0.026887757757866792,1.0,1.0,,,,,,,,,
376,89800,376,0.025222907051806572,1.0,1.0,,,,,,,,,
377,89921,377,0.026129640936918802,1.0,1.0,0.02910403016025906,1.0,1.0,,,,,,
378,90026,378,0.02224542884906651,1.0,1.0,,,,,,,,,
379,90075,379,0.020919601824498386,1.0,1.0,,,,,,,,,
380,90196,380,0.01830744169117194,1.0,1.0,,,,,,,,,
381,90365,381,0.023854176415864327,1.0,1.0,,,,,,,,,
382,90414,382,0.018372557818628746,1.0,1.0,,,,,,,,,
383,90535,383,0.0198685361217437,1.0,1.0,,,,,,,,,
384,90936,384,0.030894477595188072,1.0,1.0,,,,,,,,,
385,90993,385,0.025457664279082172,1.0,1.0,0.03347727818836574,1.0,1.0,,,,,,
386,91290,386,0.02572365323595256,1.0,1.0,,,,,,,,,
387,91363,387,0.03047106112937096,1.0,1.0,,,,,,,,,
388,91436,388,0.019982183954073963,1.0,1.0,,,,,,,,,
389,91493,389,0.014924668280657118,1.0,1.0,,,,,,,,,
390,91830,390,0.02751900439667484,1.0,1.0,,,,,,,,,
391,92007,391,0.03038499144075187,1.0,1.0,,,,,,,,,
392,92584,392,0.028177124765806083,1.0,1.0,,,,,,,,,
393,92633,393,0.022695335008259765,1.0,1.0,0.029704724250280812,1.0,1.0,,,,,,
394,92698,394,0.024891172001139807,1.0,1.0,,,,,,,,,
395,92843,395,0.03221936682940345,1.0,1.0,,,,,,,,,
396,93476,396,0.027427025436906255,1.0,1.0,,,,,,,,,
397,93685,397,0.027268807645014024,1.0,1.0,,,,,,,,,
398,93814,398,0.02692930511140105,1.0,1.0,,,,,,,,,
399,94023,399,0.024104180928752963,1.0,1.0,,,,,,,,,
400,94080,400,0.014114181432631604,1.0,1.0,,,,,,,,,
401,94233,401,0.025013291833068396,1.0,1.0,0.032656456271553,1.0,1.0,,,,,,
402,94354,402,0.026694064092145708,1.0,1.0,,,,,,,,,
403,94531,403,0.020646457267112884,1.0,1.0,,,,,,,,,
404,94612,404,0.03548367999275888,1.0,1.0,,,,,,,,,
405,94653,405,0.024452415203151764,1.0,1.0,,,,,,,,,
406,95078,406,0.030000658959817777,1.0,1.0,,,,,,,,,
407,95631,407,0.02116731726114165,1.0,1.0,,,,,,,,,
408,95896,408,0.01953642993389498,1.0,1.0,,,,,,,,,
409,95945,409,0.015128684976054196,1.0,1.0,0.02881481273159734,1.0,1.0,,,,,,
410,95986,410,0.026690547942551348,1.0,1.0,,,,,,,,,
411,96035,411,0.032879905582097614,1.0,1.0,,,,,,,,,
412,96828,412,0.025250215945625043,1.0,1.0,,,,,,,,,
413,96869,413,0.03410912700268091,1.0,1.0,,,,,,,,,
414,97382,414,0.023063169058621612,1.0,1.0,,,,,,,,,
415,97727,415,0.02961424182595968,1.0,1.0,,,,,,,,,
416,98080,416,0.028387748717271444,1.0,1.0,,,,,,,,,
417,98145,417,0.01295160707685909,1.0,1.0,0.034002461690208555,1.0,1.0,,,,,,
418,98298,418,0.03230700483949046,1.0,1.0,,,,,,,,,
419,98499,419,0.030568094728305732,1.0,1.0,,,,,,,,,
420,99028,420,0.024244125582329336,1.0,1.0,,,,,,,,,
421,99149,421,0.022766253443344493,1.0,1.0,,,,,,,,,
422,99238,422,0.028462626674933166,1.0,1.0,,,,,,,,,
423,99319,423,0.020452795381367652,1.0,1.0,,,,,,,,,
424,99936,424,0.03179437097428857,1.0,1.0,,,,,,,,,
425,100177,425,0.02839532542968027,1.0,1.0,0.06075638130321749,0.0,0.0,,,,,,
426,100810,426,0.0279655072594168,1.0,1.0,,,,,,,,,
427,100963,427,0.03501840471345627,1.0,1.0,,,,,,,,,
428,101084,428,0.024352692415840767,1.0,1.0,,,,,,,,,
429,101165,429,0.029298271329682848,1.0,1.0,,,,,,,,,
430,101390,430,0.028843899060939295,1.0,1.0,,,,,,,,,
431,101791,431,0.03326508173595312,1.0,1.0,,,,,,,,,
432,101824,432,0.010698199104663218,1.0,1.0,,,,,,,,,
433,102145,433,0.026412529748262845,1.0,1.0,0.03253471554250169,1.0,1.0,,,,,,
434,102434,434,0.021811921434831575,1.0,1.0,,,,,,,,,
435,102515,435,0.028108257227424473,1.0,1.0,,,,,,,,,
436,102692,436,0.028791000441798054,1.0,1.0,,,,,,,,,
437,102813,437,0.02399380794155271,1.0,1.0,,,,,,,,,
438,102862,438,0.013843325038818268,1.0,1.0,,,,,,,,,
439,103103,439,0.0232017051896208,1.0,1.0,,,,,,,,,
440,103208,440,0.026934423229982858,1.0,1.0,,,,,,,,,
441,103425,441,0.019319193547830973,1.0,1.0,0.02641900088924596,1.0,1.0,,,,,,
442,103770,442,0.02726389552820053,1.0,1.0,,,,,,,,,
443,103819,443,0.02527941938371972,1.0,1.0,,,,,,,,,
444,104036,444,0.035760899580642484,1.0,1.0,,,,,,,,,
445,104141,445,0.01653652248166579,1.0,1.0,,,,,,,,,
446,104302,446,0.02141560293896663,1.0,1.0,,,,,,,,,
447,104383,447,0.020696168648366892,1.0,1.0,,,,,,,,,
448,104608,448,0.022522580157331697,1.0,1.0,,,,,,,,,
449,104769,449,0.024078721726690223,1.0,1.0,0.02959793937187654,1.0,1.0,,,,,,
450,104834,450,0.018797645271782813,1.0,1.0,,,,,,,,,
451,105107,451,0.018285550161862618,1.0,1.0,,,,,,,,,
452,105228,452,0.018463065619289336,1.0,1.0,,,,,,,,,
453,105277,453,0.016152907940577277,1.0,1.0,,,,,,,,,
454,105342,454,0.0238247911180099,1.0,1.0,,,,,,,,,
455,105495,455,0.021487959373192717,1.0,1.0,,,,,,,,,
456,105688,456,0.03244221572986135,1.0,1.0,,,,,,,,,
457,105977,457,0.02057521460817295,1.0,1.0,0.018240077173749772,1.0,1.0,,,,,,
458,106314,458,0.02025269082928806,1.0,1.0,,,,,,,,,
459,106363,459,0.0219304346909333,1.0,1.0,,,,,,,,,
460,107572,460,0.017116742206422755,1.0,1.0,,,,,,,,,
461,107629,461,0.014143822389115874,1.0,1.0,,,,,,,,,
462,107894,462,0.01685136391230854,1.0,1.0,,,,,,,,,
463,108327,463,0.033773248770209006,1.0,1.0,,,,,,,,,
464,108400,464,0.02144544237258641,1.0,1.0,,,,,,,,,
465,108689,465,0.02860306787757104,1.0,1.0,0.026537719405306838,1.0,1.0,,,,,,
466,108898,466,0.028087411707860017,1.0,1.0,,,,,,,,,
467,109035,467,0.01841907206586845,1.0,1.0,,,,,,,,,
468,109652,468,0.02753407281219682,1.0,1.0,,,,,,,,,
469,110005,469,0.022689409373200638,1.0,1.0,,,,,,,,,
470,110134,470,0.0192365978557379,1.0,1.0,,,,,,,,,
471,110255,471,0.0181904805745941,1.0,1.0,,,,,,,,,
472,110368,472,0.031578621557323786,1.0,1.0,,,,,,,,,
473,110769,473,0.023983628293549462,1.0,1.0,0.02986929792928025,1.0,1.0,,,,,,
474,110826,474,0.02640342563579127,1.0,1.0,,,,,,,,,
475,110915,475,0.02606427099160887,1.0,1.0,,,,,,,,,
476,111028,476,0.017940212138154752,1.0,1.0,,,,,,,,,
477,111573,477,0.029680911853964407,1.0,1.0,,,,,,,,,
478,111702,478,0.02490389919345489,1.0,1.0,,,,,,,,,
479,111887,479,0.036598455073608024,1.0,1.0,,,,,,,,,
480,112032,480,0.03669135844570317,1.0,1.0,,,,,,,,,
481,112145,481,0.025862160212297695,1.0,1.0,0.0297303918027319,1.0,1.0,,,,,,
482,112498,482,0.022945806013090084,1.0,1.0,,,,,,,,,
483,113051,483,0.029332560125929427,1.0,1.0,,,,,,,,,
484,114924,484,0.01953052415580269,1.0,1.0,,,,,,,,,
485,115013,485,0.023976280819047548,1.0,1.0,,,,,,,,,
486,115142,486,0.02490358481059843,1.0,1.0,,,,,,,,,
487,115183,487,0.018885348985226303,1.0,1.0,,,,,,,,,
488,115328,488,0.023187132551810867,1.0,1.0,,,,,,,,,
489,115529,489,0.0266610188455983,1.0,1.0,0.031820426174853624,1.0,1.0,,,,,,
490,115602,490,0.024002333387914708,1.0,1.0,,,,,,,,,
491,115723,491,0.030227898043912318,1.0,1.0,,,,,,,,,
492,115916,492,0.032287386649209486,1.0,1.0,,,,,,,,,
493,116045,493,0.02848765883252696,1.0,1.0,,,,,,,,,
494,116286,494,0.024589307751601158,1.0,1.0,,,,,,,,,
495,116655,495,0.021395519528740727,1.0,1.0,,,,,,,,,
496,116720,496,0.010407382524444984,1.0,1.0,,,,,,,,,
497,116785,497,0.01920299618664103,1.0,1.0,0.010026650915060602,1.0,1.0,,,,,,
498,116994,498,0.025725426415954718,1.0,1.0,,,,,,,,,
499,117147,499,0.029810546075337025,1.0,1.0,,,,,,,,,
500,117204,500,0.02012801355821596,1.0,1.0,,,,,,,,,
501,117389,501,0.02519271843107123,1.0,1.0,,,,,,,,,
502,117782,502,0.023687294594913005,1.0,1.0,,,,,,,,,
503,117895,503,0.02682602169340108,1.0,1.0,,,,,,,,,
504,117992,504,0.014568023061478166,1.0,1.0,,,,,,,,,
505,118641,505,0.01829227349257637,1.0,1.0,0.030341445278863222,1.0,1.0,,,,,,
506,119242,506,0.017979573321907052,1.0,1.0,,,,,,,,,
507,120107,507,0.021462555339219515,1.0,1.0,,,,,,,,,
508,120148,508,0.01282455311834474,1.0,1.0,,,,,,,,,
509,120373,509,0.019733144653737003,1.0,1.0,,,,,,,,,
510,120726,510,0.022080171999228203,1.0,1.0,,,,,,,,,
511,120823,511,0.02614867600765668,1.0,1.0,,,,,,,,,
512,120920,512,0.02694840310457342,1.0,1.0,,,,,,,,,
513,122089,513,0.027306683717031724,1.0,1.0,0.03785896858101235,1.0,1.0,,,,,,
514,122122,514,0.01491297872190444,1.0,1.0,,,,,,,,,
515,122195,515,0.03201006802880278,1.0,1.0,,,,,,,,,
516,122220,516,0.023212206086839916,1.0,1.0,,,,,,,,,
517,122853,517,0.020052942781945964,1.0,1.0,,,,,,,,,
518,124046,518,0.013883017729127563,1.0,1.0,,,,,,,,,
519,124503,519,0.0360529100459647,1.0,1.0,,,,,,,,,
520,124760,520,0.020042262762179634,1.0,1.0,,,,,,,,,
521,124777,521,0.013380115075415235,1.0,1.0,0.04584825126331604,1.0,1.0,,,,,,
522,125074,522,0.024684528642020958,1.0,1.0,,,,,,,,,
523,125147,523,0.02096553229414793,1.0,1.0,,,,,,,,,
524,125204,524,0.018601327603990803,1.0,1.0,,,,,,,,,
525,125605,525,0.01871130454367458,1.0,1.0,,,,,,,,,
526,125750,526,0.03168456141860765,1.0,1.0,,,,,,,,,
527,126487,527,0.019037745092782197,1.0,1.0,,,,,,,,,
528,126968,528,0.022241321323553543,1.0,1.0,,,,,,,,,
529,127113,529,0.03016641808498156,1.0,1.0,0.03264749999333176,1.0,1.0,,,,,,
530,127250,530,0.027261103358544144,1.0,1.0,,,,,,,,,
531,127411,531,0.031056633613519125,1.0,1.0,,,,,,,,,
532,127548,532,0.016837665875848548,1.0,1.0,,,,,,,,,
533,127581,533,0.011927021892580568,1.0,1.0,,,,,,,,,
534,127718,534,0.03735114059653717,1.0,1.0,,,,,,,,,
535,127879,535,0.030868312084984608,1.0,1.0,,,,,,,,,
536,128152,536,0.017876557053354565,1.0,1.0,,,,,,,,,
537,128393,537,0.019057325805570142,1.0,1.0,0.03555707046755389,1.0,1.0,,,,,,
538,128498,538,0.030955803914979558,1.0,1.0,,,,,,,,,
539,128963,539,0.028705548067896377,1.0,1.0,,,,,,,,,
540,129348,540,0.023988822731618974,1.0,1.0,,,,,,,,,
541,129445,541,0.020885556092107058,1.0,1.0,,,,,,,,,
542,129950,542,0.03274043894975825,1.0,1.0,,,,,,,,,
543,130143,543,0.021275089990798125,1.0,1.0,,,,,,,,,
544,130536,544,0.022724122346974632,1.0,1.0,,,,1.0,1.0,1.0,1.0,1.0,1.0
545,130593,545,0.015505377196066416,1.0,1.0,0.025620917243092078,1.0,1.0,,,,,,
546,130930,546,0.025781623835732067,1.0,1.0,,,,,,,,,
547,131203,547,0.029984796842716814,1.0,1.0,,,,,,,,,
548,131452,548,0.023648506832386992,1.0,1.0,,,,,,,,,
549,131597,549,0.030161064462930775,1.0,1.0,,,,,,,,,
550,131622,550,0.006743215200814726,1.0,1.0,,,,,,,,,
551,131847,551,0.02050492425056112,1.0,1.0,,,,,,,,,
552,131968,552,0.02754199090405321,1.0,1.0,,,,,,,,,
553,132025,553,0.020781579579406753,1.0,1.0,0.032898002953773875,1.0,1.0,,,,,,
554,132058,554,0.009193261517207247,1.0,1.0,,,,,,,,,
555,132347,555,0.020147311585204886,1.0,1.0,,,,,,,,,
556,132404,556,0.00913010848088496,1.0,1.0,,,,,,,,,
557,133597,557,0.013488598705777923,1.0,1.0,,,,,,,,,
558,133766,558,0.020790813218017797,1.0,1.0,,,,,,,,,
559,134247,559,0.02161200961931998,1.0,1.0,,,,,,,,,
560,134288,560,0.01833952173161197,1.0,1.0,,,,,,,,,
561,134353,561,0.015377260908076094,1.0,1.0,0.03562746471188247,1.0,1.0,,,,,,
562,134546,562,0.03091777734094895,1.0,1.0,,,,,,,,,
563,134803,563,0.01902587983421583,1.0,1.0,,,,,,,,,
564,135012,564,0.02162151102023822,1.0,1.0,,,,,,,,,
565,135565,565,0.02839916082480036,1.0,1.0,,,,,,,,,
566,135670,566,0.011364626878379427,1.0,1.0,,,,,,,,,
567,136247,567,0.026966435387897336,1.0,1.0,,,,,,,,,
568,136408,568,0.019255961584814147,1.0,1.0,,,,,,,,,
569,136465,569,0.01975324097254478,1.0,1.0,0.034359212389485944,1.0,1.0,,,,,,
570,136578,570,0.015568039317837637,1.0,1.0,,,,,,,,,
571,136723,571,0.02814348732823873,1.0,1.0,,,,,,,,,
572,136764,572,0.016443789382621615,1.0,1.0,,,,,,,,,
573,136973,573,0.02433022235324092,1.0,1.0,,,,,,,,,
574,137438,574,0.028180104208097616,1.0,1.0,,,,,,,,,
575,137511,575,0.02062883976944931,1.0,1.0,,,,,,,,,
576,137808,576,0.023770878779763662,1.0,1.0,,,,,,,,,
577,137993,577,0.03426136531162426,1.0,1.0,0.022225977585998903,1.0,1.0,,,,,,
578,138290,578,0.02382860176188105,1.0,1.0,,,,,,,,,
579,138419,579,0.022698643080549346,1.0,1.0,,,,,,,,,
580,138964,580,0.02845732356714908,1.0,1.0,,,,,,,,,
581,139165,581,0.02405278752771337,1.0,1.0,,,,,,,,,
582,139294,582,0.025717480157837966,1.0,1.0,,,,,,,,,
583,139415,583,0.015183763750671157,1.0,1.0,,,,,,,,,
584,139504,584,0.020262742621444806,1.0,1.0,,,,,,,,,
585,139665,585,0.021872863641107645,1.0,1.0,0.03345443523530169,1.0,1.0,,,,,,
586,140282,586,0.031174607348776508,1.0,1.0,,,,,,,,,
587,140403,587,0.015463416682110771,1.0,1.0,,,,,,,,,
588,141580,588,0.024777291698311804,1.0,1.0,,,,,,,,,
589,141605,589,0.016933203438957205,1.0,1.0,,,,,,,,,
590,141878,590,0.016544619441070905,1.0,1.0,,,,,,,,,
591,142031,591,0.02937408193095507,1.0,1.0,,,,,,,,,
592,142144,592,0.028564551556857592,1.0,1.0,,,,,,,,,
593,142289,593,0.03305055679591533,1.0,1.0,0.03538886841446186,1.0,1.0,,,,,,
594,142386,594,0.010920112900851868,1.0,1.0,,,,,,,,,
595,142899,595,0.02225251918387855,1.0,1.0,,,,,,,,,
596,142956,596,0.015406808057513054,1.0,1.0,,,,,,,,,
597,143101,597,0.020966025944789333,1.0,1.0,,,,,,,,,
598,143278,598,0.025994334448613786,1.0,1.0,,,,,,,,,
599,143423,599,0.021925457474561018,1.0,1.0,,,,,,,,,
600,143456,600,0.005418000334047974,1.0,1.0,,,,,,,,,
601,143801,601,0.02515204731931362,1.0,1.0,0.037881240787542084,1.0,1.0,,,,,,
602,143850,602,0.025828889573006865,1.0,1.0,,,,,,,,,
603,143955,603,0.028087044238838225,1.0,1.0,,,,,,,,,
604,144052,604,0.00975635790786138,1.0,1.0,,,,,,,,,
605,144101,605,0.010469242795625937,1.0,1.0,,,,,,,,,
606,144142,606,0.015282284479219017,1.0,1.0,,,,,,,,,
607,144495,607,0.021979829494473507,1.0,1.0,,,,,,,,,
608,145288,608,0.024283258137673864,1.0,1.0,,,,,,,,,
609,145721,609,0.032450122220429034,1.0,1.0,0.03214740857298542,1.0,1.0,,,,,,
610,145994,610,0.017133680567796867,1.0,1.0,,,,,,,,,
611,146627,611,0.02626327721268696,1.0,1.0,,,,,,,,,
612,146748,612,0.016760956307828263,1.0,1.0,,,,,,,,,
613,146789,613,0.013322062976310917,1.0,1.0,,,,,,,,,
614,146870,614,0.02405844969340251,1.0,1.0,,,,,,,,,
615,147095,615,0.026884500143733017,1.0,1.0,,,,,,,,,
616,147464,616,0.020216054155427834,1.0,1.0,,,,,,,,,
617,147585,617,0.022286006202472286,1.0,1.0,0.010162865273588978,1.0,1.0,,,,,,
618,147618,618,0.007182047179531992,1.0,1.0,,,,,,,,,
619,147683,619,0.008078108880872036,1.0,1.0,,,,,,,,,
620,147860,620,0.019203254708657122,1.0,1.0,,,,,,,,,
621,147997,621,0.025201904393240295,1.0,1.0,,,,,,,,,
622,148198,622,0.02790651648595158,1.0,1.0,,,,,,,,,
623,148239,623,0.022267129473362735,1.0,1.0,,,,,,,,,
624,148840,624,0.017401000405670514,1.0,1.0,,,,,,,,,
625,148913,625,0.016708350976322842,1.0,1.0,0.0332161233826894,1.0,1.0,,,,,,
626,149106,626,0.02032639071688512,1.0,1.0,,,,,,,,,
627,149843,627,0.018633506251586843,1.0,1.0,,,,,,,,,
628,149988,628,0.028781595274632407,1.0,1.0,,,,,,,,,
629,150213,629,0.018476028127803537,1.0,1.0,,,,,,,,,
630,150598,630,0.02366085443221514,1.0,1.0,,,,,,,,,
631,151247,631,0.01769122449962828,1.0,1.0,,,,,,,,,
632,151400,632,0.01883341353849956,1.0,1.0,,,,,,,,,
633,151521,633,0.018403806445387697,1.0,1.0,0.022621519985382445,1.0,1.0,,,,,,
634,151562,634,0.005956416036373412,1.0,1.0,,,,,,,,,
635,151675,635,0.024553972006012826,1.0,1.0,,,,,,,,,
636,151764,636,0.02959888180365314,1.0,1.0,,,,,,,,,
637,152117,637,0.02708529796972905,1.0,1.0,,,,,,,,,
638,152358,638,0.018196507245995842,1.0,1.0,,,,,,,,,
639,152463,639,0.023715804404074475,1.0,1.0,,,,,,,,,
640,152752,640,0.027196771879919954,1.0,1.0,,,,,,,,,
641,152969,641,0.03449889738673374,1.0,1.0,0.02305285311220554,1.0,1.0,,,,,,
642,153090,642,0.020906978026658182,1.0,1.0,,,,,,,,,
643,153435,643,0.0283881131507877,1.0,1.0,,,,,,,,,
644,154300,644,0.02092457326167246,1.0,1.0,,,,,,,,,
645,154701,645,0.032212298398070924,1.0,1.0,,,,,,,,,
646,155054,646,0.021084697047634066,1.0,1.0,,,,,,,,,
647,156927,647,0.01933611340252789,1.0,1.0,,,,,,,,,
648,157328,648,0.017963253908290337,1.0,1.0,,,,,,,,,
649,157393,649,0.019532628304178845,1.0,1.0,0.03318450297288809,1.0,1.0,,,,,,
650,157522,650,0.016498151395105083,1.0,1.0,,,,,,,,,
651,157619,651,0.018979398651747487,1.0,1.0,,,,,,,,,
652,157804,652,0.020493155519265123,1.0,1.0,,,,,,,,,
653,157853,653,0.015337495019468102,1.0,1.0,,,,,,,,,
654,157958,654,0.02118798308881651,1.0,1.0,,,,,,,,,
655,158071,655,0.023048565482026138,1.0,1.0,,,,,,,,,
656,158472,656,0.029181749092551765,1.0,1.0,,,,,,,,,
657,158713,657,0.021827300997574867,1.0,1.0,0.02717664269038211,1.0,1.0,,,,,,
658,158794,658,0.023267865499063192,1.0,1.0,,,,,,,,,
659,160003,659,0.016481727750894383,1.0,1.0,,,,,,,,,
660,160092,660,0.021796019318710686,1.0,1.0,,,,,,,,,
661,160725,661,0.02674508610185351,1.0,1.0,,,,,,,,,
662,161062,662,0.018854746144856313,1.0,1.0,,,,,,,,,
663,161135,663,0.027310646585322805,1.0,1.0,,,,,,,,,
664,161208,664,0.023218817213458146,1.0,1.0,,,,,,,,,
665,161609,665,0.022764900830949227,1.0,1.0,0.028887672749064394,1.0,1.0,,,,,,
666,161666,666,0.0105069550456184,1.0,1.0,,,,,,,,,
667,161931,667,0.017378799714934882,1.0,1.0,,,,,,,,,
668,163100,668,0.027099145795449007,1.0,1.0,,,,,,,,,
669,163525,669,0.029131720055834108,1.0,1.0,,,,,,,,,
670,163574,670,0.014900063188802808,1.0,1.0,,,,,,,,,
671,163927,671,0.020966047451486045,1.0,1.0,,,,,,,,,
672,163984,672,0.007625149114022471,1.0,1.0,,,,,,,,,
673,164601,673,0.027063455126699765,1.0,1.0,0.045144785049992614,1.0,1.0,,,,,,
674,164650,674,0.011022885650925976,1.0,1.0,,,,,,,,,
675,164723,675,0.01467748662131675,1.0,1.0,,,,,,,,,
676,164852,676,0.02148313027636334,1.0,1.0,,,,,,,,,
677,165005,677,0.027814858817886198,1.0,1.0,,,,,,,,,
678,165054,678,0.01711668457731018,1.0,1.0,,,,,,,,,
679,165607,679,0.02014964950249769,1.0,1.0,,,,,,,,,
680,165680,680,0.01773782867230289,1.0,1.0,,,,,,,,,
681,165721,681,0.008807456884718705,1.0,1.0,0.037202089280585826,1.0,1.0,,,,,,
682,165802,682,0.01677378044479656,1.0,1.0,,,,,,,,,
683,166259,683,0.03562841020758992,1.0,1.0,,,,,,,,,
684,166364,684,0.01881683194285415,1.0,1.0,,,,,,,,,
685,166997,685,0.0196920453978606,1.0,1.0,,,,,,,,,
686,167094,686,0.02158725298700536,1.0,1.0,,,,,,,,,
687,167223,687,0.022592846784581015,1.0,1.0,,,,,,,,,
688,167344,688,0.0226846026087569,1.0,1.0,,,,,,,,,
689,167497,689,0.032119786070512225,1.0,1.0,0.03368005343631852,1.0,1.0,,,,,,
690,168026,690,0.023033979549024745,1.0,1.0,,,,,,,,,
691,168187,691,0.029645886705768593,1.0,1.0,,,,,,,,,
692,168692,692,0.032187422692797805,1.0,1.0,,,,,,,,,
693,168709,693,0.007973182432469913,1.0,1.0,,,,,,,,,
694,168798,694,0.024702188758051715,1.0,1.0,,,,,,,,,
695,168847,695,0.010756771311907868,1.0,1.0,,,,,,,,,
696,168984,696,0.015542082188608216,1.0,1.0,,,,,,,,,
697,169353,697,0.027013657137193187,1.0,1.0,0.026765382153481596,1.0,1.0,,,,,,
698,169562,698,0.02634913118733074,1.0,1.0,,,,,,,,,
699,169627,699,0.009546309369084157,1.0,1.0,,,,,,,,,
700,169676,700,0.01378768424017077,1.0,1.0,,,,,,,,,
701,169813,701,0.03536726414947974,1.0,1.0,,,,,,,,,
702,169934,702,0.020432264962658035,1.0,1.0,,,,,,,,,
703,170087,703,0.022768329266267467,1.0,1.0,,,,,,,,,
704,170248,704,0.020781590360222712,1.0,1.0,,,,,,,,,
705,170313,705,0.01458360264201758,1.0,1.0,0.04071814851070193,1.0,1.0,,,,,,
706,170602,706,0.01886706786783539,1.0,1.0,,,,,,,,,
707,170747,707,0.015774838632317923,1.0,1.0,,,,,,,,,
708,170868,708,0.02299943441086604,1.0,1.0,,,,,,,,,
709,170949,709,0.01710021703257598,1.0,1.0,,,,,,,,,
710,171142,710,0.03052577812048772,1.0,1.0,,,,,,,,,
711,171191,711,0.0143730071685574,1.0,1.0,,,,,,,,,
712,171312,712,0.016277805728492238,1.0,1.0,,,,,,,,,
713,171553,713,0.02608796067846379,1.0,1.0,0.03209610361322055,1.0,1.0,,,,,,
714,171714,714,0.028963157978364053,1.0,1.0,,,,,,,,,
715,171811,715,0.023237067112239246,1.0,1.0,,,,,,,,,
716,171948,716,0.015500735357145457,1.0,1.0,,,,,,,,,
717,172157,717,0.02432210070621324,1.0,1.0,,,,,,,,,
718,172334,718,0.027833141648535193,1.0,1.0,,,,,,,,,
719,172655,719,0.024439704522674452,1.0,1.0,,,,,,,,,
720,172872,720,0.016777892698057795,1.0,1.0,,,,,,,,,
721,173137,721,0.015240470695063681,1.0,1.0,0.0307212757247313,1.0,1.0,,,,,,
722,173378,722,0.023104047378341114,1.0,1.0,,,,,,,,,
723,173459,723,0.030918986489582495,1.0,1.0,,,,,,,,,
724,173524,724,0.018227249832112876,1.0,1.0,,,,,,,,,
725,173677,725,0.028569011909123553,1.0,1.0,,,,,,,,,
726,173734,726,0.010440189743150247,1.0,1.0,,,,,,,,,
727,174007,727,0.01670323283326284,1.0,1.0,,,,1.0,1.0,1.0,1.0,1.0,1.0

